0.0, 
-0.004166666666666763, 
-0.08541666666666681, 
-0.056250000000000355, 
0.05208333333333304, 
0.06041666666666634, 
-0.10625000000000018, 
-0.11041666666666705, 
-0.09583333333333366, 
-0.07916666666666705, 
-0.05833333333333357, 
-0.018750000000000266, 
-0.002083333333333659, 
-0.06666666666666687, 
0.0, 
0.014583333333333393, 
0.02083333333333348, 
0.03750000000000009, 
0.03750000000000009, 
0.05624999999999991, 
0.05624999999999991, 
0.08124999999999982, 
0.09583333333333321, 
-0.03333333333333366, 
-0.11458333333333348, 
-0.06875000000000009, 
-0.029166666666666785, 
0.016666666666666607, 
0.02083333333333348, 
0.022916666666666696, 
0.060416666666666785, 
0.12083333333333357, 
0.12291666666666679, 
-0.09375, 
0.09374999999999956, 
0.11041666666666616, 
-0.10833333333333384, 
-0.0875000000000008, 
-0.06250000000000044, 
-0.054166666666666696, 
0.02916666666666634, 
0.06875000000000009, 
0.07499999999999973, 
0.08124999999999938, 
-0.06666666666666687, 
0.020833333333333925, 
-0.01666666666666572, 
0.012500000000001066, 
0.02291666666666803, 
0.12291666666666767, 
-0.1229166666666659, 
-0.10624999999999929, 
-0.05624999999999947, 
-0.05624999999999947, 
-0.029166666666665897, 
-0.022916666666666252, 
0.029166666666666785, 
0.06666666666666643, 
0.09999999999999964, 
-0.0958333333333341, 
-0.08541666666666714, 
-0.08125000000000071, 
-0.07500000000000107, 
-0.052083333333334814, 
-0.039583333333334636, 
0.049999999999998934, 
-0.11875000000000124, 
-0.07291666666666785, 
-0.0645833333333341, 
-0.004166666666667318, 
0.07083333333333286, 
0.07916666666666661, 
0.12083333333333357, 
-0.04583333333333339, 
-0.03541666666666643, 
-0.012500000000000178, 
0.00833333333333286, 
0.010416666666666075, 
0.024999999999999467, 
0.10208333333333286, 
-0.09375000000000089, 
-0.043750000000001066, 
-0.02291666666666803, 
-0.004166666666668206, 
0.012499999999998401, 
0.03541666666666465, 
0.0749999999999984, 
-0.025000000000001243, 
-0.0187500000000016, 
0.01666666666666483, 
0.027083333333331794, 
0.041666666666665186, 
0.041666666666665186, 
0.05624999999999858, 
0.062499999999998224, 
0.06874999999999787, 
0.07708333333333162, 
-0.09166666666666856, 
-0.05833333333333535, 
-0.04166666666666874, 
-0.022916666666668917, 
-0.010416666666668739, 
-1.7763568394002505e-15, 
0.022916666666664476, 
0.03958333333333108, 
0.11874999999999769, 
-0.09583333333333588, 
-0.09375000000000266, 
-0.08958333333333623, 
-0.08125000000000249, 
-0.058333333333336235, 
-0.02500000000000302, 
-0.018750000000003375, 
-0.014583333333336945, 
0.012499999999996625, 
0.03541666666666288, 
0.06249999999999645, 
0.0708333333333302, 
0.09166666666666323, 
0.09583333333332966, 
0.11041666666666305, 
-0.11875000000000391, 
-0.10000000000000409, 
-0.08750000000000391, 
-0.05416666666667069, 
-0.020833333333337478, 
-0.01666666666667105, 
-0.004166666666670871, 
-0.08125000000000426, 
-0.06875000000000409, 
-0.041666666666670515, 
-0.037500000000004086, 
-0.022916666666670693, 
-0.010416666666670515, 
0.04374999999999574, 
0.056249999999995914, 
0.06666666666666288, 
0.12499999999999645, 
-0.11875000000000391, 
-0.10208333333333641, 
0.1187499999999968, 
-0.12083333333333712, 
-0.10625000000000462, 
-0.06250000000000533, 
-0.0583333333333389, 
-0.016666666666672825, 
0.014583333333327175, 
0.06458333333332789, 
0.10416666666666075, 
-0.11041666666667282, 
-0.11041666666667282, 
-0.10833333333333961, 
-0.08541666666667247, 
-0.047916666666672825, 
0.10624999999999396, 
-0.10000000000000675, 
-0.08750000000000746, 
0.010416666666658969, 
0.020833333333325044, 
0.0604166666666579, 
-0.0062500000000085265, 
-0.0645833333333421, 
-0.04375000000000817, 
0.010416666666658969, 
0.03749999999999254, 
-0.0625000000000071, 
-0.027083333333340676, 
-0.07083333333333997, 
-0.04583333333333961, 
-0.03750000000000675, 
-0.02916666666667389, 
-0.0020833333333403203, 
0.045833333333327175, 
0.05624999999999325, 
0.08541666666666003, 
0.10416666666666075, 
0.11041666666666039, 
-0.08125000000000604, 
0.045833333333327175, 
0.07499999999999396, 
0.10416666666666075, 
0.045833333333327175, 
0.054166666666660035, 
0.08749999999999325, 
0.11458333333332682, 
-0.10000000000000675, 
-0.09791666666667354, 
-0.09583333333334032, 
-0.050000000000007816, 
0.01874999999999183, 
0.0458333333333254, 
0.0604166666666579, 
0.10208333333332398, 
0.12499999999999112, 
-0.10833333333334139, 
-0.08541666666667425, 
-0.045833333333341386, 
0.10416666666665897, 
0.11666666666665826, 
-0.08125000000000782, 
-0.06666666666667531, 
-0.05833333333334245, 
-0.05208333333334281, 
0.020833333333323267, 
0.022916666666656482, 
0.06249999999998934, 
0.08958333333332291, 
0.10624999999999041, 
0.11249999999999005, 
0.12083333333332291, 
-0.1166666666666778, 
-0.09166666666667744, 
0.06041666666665613, 
0.07499999999998863, 
0.09166666666665613, 
0.09166666666665613, 
0.1187499999999897, 
-0.12083333333334423, 
0.08541666666665648, 
0.0874999999999897, 
0.09999999999998899, 
-0.11458333333334458, 
-0.06458333333334387, 
-0.05625000000001101, 
-0.052083333333344584, 
0.004166666666655772, 
0.022916666666656482, 
0.022916666666656482, 
0.031249999999989342, 
0.03541666666665577, 
0.04791666666665506, 
0.049999999999988276, 
0.08749999999998792, 
0.09166666666665435, 
-0.02916666666667922, 
-0.02500000000001279, 
-0.014583333333346715, 
0.020833333333319715, 
0.04166666666665364, 
0.08749999999998614, 
-0.09375000000001421, 
0.037499999999985434, 
0.06249999999998579, 
0.08958333333331936, 
0.095833333333319, 
0.09791666666665222, 
-0.03125000000001421, 
-0.02708333333334778, 
-0.01875000000001492, 
0.008333333333318649, 
0.010416666666651864, 
0.018749999999984723, 
0.06249999999998401, 
0.07083333333331687, 
0.07083333333331687, 
0.010416666666651864, 
0.05833333333331758, 
0.06666666666665044, 
0.07291666666665186, 
0.09999999999998543, 
-0.09375000000001599, 
-0.07291666666668384, 
0.004166666666650443, 
-0.03541666666668242, 
-0.033333333333347426, 
-0.0020833333333474258, 
0.04583333333331652, 
0.06458333333331723, 
0.07916666666665151, 
-0.025000000000016342, 
-0.014583333333348492, 
-0.00833333333334707, 
0.00624999999998721, 
-0.0750000000000135, 
-0.06875000000001208, 
-0.0541666666666778, 
-0.014583333333344939, 
-0.12291666666667922, 
-0.10208333333334707, 
-0.10000000000001208, 
-0.09166666666667922, 
0.11041666666665506, 
-0.11458333333334636, 
-0.08541666666668135, 
-0.08125000000001492, 
0.06874999999998366, 
0.0916666666666508, 
0.11041666666665151, 
-0.10833333333334849, 
-0.09375000000001421, 
-0.03541666666668064, 
-0.00833333333334707, 
0.03124999999998579, 
0.08333333333331794, 
0.08958333333331936, 
0.11666666666665293, 
-0.03750000000001208, 
-0.02708333333334423, 
0.018749999999990052, 
-0.05833333333334423, 
-0.05208333333334281, 
-0.03958333333334352, 
-0.010416666666678509, 
0.06249999999998934, 
0.08958333333332291, 
-0.03125000000001066, 
0.002083333333324333, 
0.016666666666658614, 
-0.05208333333334281, 
-0.03541666666667709, 
-0.029166666666675667, 
0.052083333333325044, 
0.10833333333332362, 
0.11666666666665648, 
-0.11458333333334281, 
-0.09375000000001066, 
-0.06250000000001066, 
-0.04375000000000995, 
-0.016666666666676377, 
0.04166666666665719, 
0.1020833333333222, 
0.10416666666665719, 
0.11041666666665861, 
-0.1062500000000064, 
-0.10208333333333997, 
-0.10000000000000497, 
-0.0750000000000064, 
-0.025000000000005684, 
0.027083333333326465, 
0.035416666666659324, 
0.08958333333332646, 
0.12291666666666146, 
-0.12291666666667211, 
-0.08750000000000568, 
-0.0750000000000064, 
-0.06875000000000497, 
0.006249999999994316, 
0.10833333333332718, 
0.016666666666662167, 
0.07916666666666217, 
0.05416666666666359, 
0.05833333333333002, 
0.08958333333333002, 
-0.11875000000000213, 
-0.09166666666666856, 
-0.06250000000000355, 
-0.008333333333336412, 
-0.006250000000001421, 
0.014583333333330728, 
-0.03541666666666998, 
-0.03541666666666998, 
-0.03541666666666998, 
0.03333333333333144, 
0.05416666666666359, 
0.06249999999999645, 
0.08124999999999716, 
0.09166666666666501, 
0.09166666666666501, 
-0.07708333333333428, 
-0.07499999999999929, 
-0.06874999999999787, 
-0.02083333333333215, 
-0.06041666666666501, 
0.02916666666666856, 
0.05000000000000071, 
0.0625, 
-0.11874999999999858, 
-0.10624999999999929, 
-0.09791666666666643, 
-0.00416666666666643, 
-0.0020833333333314386, 
0.03750000000000142, 
0.04375000000000284, 
0.05416666666667069, 
0.05416666666667069, 
0.08750000000000568, 
0.0937500000000071, 
0.09791666666667354, 
-0.10624999999999218, 
-0.039583333333325754, 
-0.008333333333325754, 
0.010416666666674956, 
0.014583333333341386, 
0.037500000000008527, 
0.0958333333333421, 
-0.027083333333322912, 
-0.014583333333323623, 
-0.012499999999988631, 
0.05625000000001279, 
0.06666666666668064, 
0.06666666666668064, 
0.08750000000001279, 
0.09166666666667922, 
0.09583333333334565, 
0.10833333333334494, 
0.12291666666667922, 
-0.12083333333331936, 
-0.11874999999998437, 
-0.10624999999998508, 
-0.10416666666665009, 
-0.014583333333316517, 
1.7763568394002505e-14, 
0.04791666666668348, 
0.054166666666684904, 
0.060416666666686325, 
0.06458333333335275, 
0.07916666666668704, 
0.08333333333335347, 
0.1187500000000199, 
-0.1124999999999794, 
-0.1124999999999794, 
-0.10833333333331296, 
-0.10208333333331154, 
-0.09999999999997655, 
-0.08333333333331083, 
-0.05624999999997726, 
-0.0041666666666451135, 
0.010416666666689167, 
0.010416666666689167, 
0.018750000000022027, 
0.025000000000023448, 
0.0770833333333556, 
0.08958333333335489, 
0.10000000000002274, 
0.10000000000002274, 
-0.0479166666666444, 
-0.03333333333331012, 
-0.008333333333311543, 
-0.062499999999978684, 
-0.027083333333312254, 
-0.018749999999979394, 
-0.016666666666644403, 
-0.016666666666644403, 
-0.0020833333333101223, 
0.008333333333357729, 
0.01666666666669059, 
0.025000000000023448, 
0.05833333333335844, 
0.06250000000002487, 
0.07083333333335773, 
0.07083333333335773, 
0.025000000000023448, 
0.03333333333335631, 
0.008333333333357729, 
0.01875000000002558, 
0.07500000000002416, 
0.07708333333335915, 
-0.09583333333330657, 
-0.08333333333330728, 
0.05000000000002558, 
0.05833333333335844, 
0.06250000000002487, 
0.06875000000002629, 
-0.08749999999997371, 
-0.05416666666663872, 
0.05416666666669556, 
0.09583333333336341, 
-0.10624999999997087, 
-0.03124999999997158, 
0.0458333333333627, 
0.0458333333333627, 
0.05000000000002913, 
-0.006249999999969447, 
0.008333333333364834, 
-0.054166666666635166, 
-0.049999999999968736, 
-0.049999999999968736, 
-0.047916666666633745, 
0.025000000000034106, 
0.04375000000003482, 
0.06250000000003553, 
0.07916666666670125, 
-0.0874999999999666, 
-0.07708333333329875, 
-0.0687499999999659, 
-0.12083333333329804, 
-0.0999999999999659, 
-0.08958333333329804, 
-0.045833333333298754, 
0.010416666666699825, 
0.031250000000031974, 
0.035416666666698404, 
0.08333333333336412, 
0.11250000000002913, 
-0.09583333333330302, 
-0.1104166666666373, 
-0.09374999999997158, 
-0.08749999999997016, 
-0.07291666666663588, 
-0.07083333333330089, 
0.016666666666697694, 
0.029166666666696983, 
0.08958333333336199, 
0.10625000000002771, 
0.1083333333333627, 
0.11875000000003055, 
0.11875000000003055, 
-0.11458333333330373, 
-0.06458333333330302, 
-0.020833333333303727, 
-0.020833333333303727, 
-0.012499999999970868, 
0.03541666666669485, 
0.03750000000002984, 
-0.11458333333330373, 
-0.07291666666663588, 
-0.062499999999968026, 
-0.041666666666635876, 
-0.08541666666663517, 
-0.043749999999967315, 
-0.039583333333300885, 
0.004166666666698404, 
0.0687500000000334, 
0.029166666666700536, 
0.12083333333336554, 
-0.11666666666663517, 
-0.08749999999997016, 
-0.08333333333330373, 
-0.07083333333330444, 
0.012500000000027711, 
0.01666666666669414, 
0.03958333333336128, 
0.05000000000002913, 
0.06041666666669698, 
0.08125000000002913, 
0.12291666666669698, 
-0.1104166666666373, 
-0.010416666666635876, 
0.04166666666669627, 
0.06250000000002842, 
-0.099999999999973, 
-0.04583333333330586, 
-0.02916666666664014, 
-0.014583333333305859, 
0.027083333333361992, 
0.027083333333361992, 
0.04791666666669414, 
0.08125000000002913, 
0.10416666666669627, 
0.0770833333333627, 
0.10208333333336128, 
0.10625000000002771, 
-0.11874999999997371, 
-0.11458333333330728, 
-0.099999999999973, 
0.06875000000002984, 
0.0979166666666984, 
-0.12499999999997158, 
-0.11874999999997016, 
-0.11666666666663872, 
-0.11249999999996874, 
-0.07291666666663588, 
-0.0687499999999659, 
-0.07291666666663588, 
-0.035416666666634455, 
-0.035416666666634455, 
-0.020833333333300175, 
0.004166666666698404, 
0.006250000000029843, 
0.020833333333364124, 
0.029166666666696983, 
0.035416666666698404, 
0.035416666666698404, 
0.041666666666699825, 
0.05416666666670267, 
0.05833333333337265, 
0.07708333333336981, 
0.09166666666670409, 
0.12083333333337265, 
-0.11458333333329307, 
-0.11249999999996163, 
-0.10208333333329733, 
-0.07083333333329733, 
-0.060416666666633034, 
-0.043749999999967315, 
0.047916666666701246, 
-0.05416666666663161, 
-0.037499999999965894, 
-0.03333333333329591, 
0.01041666666670693, 
0.01875000000003979, 
0.05000000000003979, 
0.08541666666670977, 
-0.10624999999996021, 
-0.10416666666662877, 
-0.09583333333329591, 
-0.09374999999996447, 
-0.07083333333329733, 
-0.00416666666662735, 
0.02083333333337123, 
0.022916666666702667, 
0.02916666666670409, 
0.03333333333337407, 
0.03333333333337407, 
0.06875000000004405, 
0.08541666666670977, 
0.10833333333337691, 
-0.031249999999957367, 
0.05625000000004121, 
0.060416666666711194, 
0.07291666666671404, 
0.07500000000004547, 
0.08750000000004832, 
-0.1062499999999531, 
-0.06666666666662024, 
-0.033333333333288806, 
-0.029166666666618823, 
-0.020833333333285964, 
-0.0041666666666202445, 
4.973799150320701e-14, 
0.0020833333333811765, 
0.008333333333382598, 
0.018750000000046896, 
0.02291666666671688, 
0.04583333333338402, 
0.06250000000004974, 
0.06666666666671972, 
-0.07083333333328312, 
-0.06249999999995026, 
-0.01666666666661598, 
0.0020833333333811765, 
0.014583333333384019, 
0.014583333333384019, 
0.04791666666671546, 
0.1125000000000469, 
0.11458333333337833, 
-0.12083333333328738, 
-0.09166666666661882, 
-0.05624999999994884, 
-0.04791666666661598, 
-0.03749999999995168, 
-0.018749999999954525, 
0.025000000000048317, 
0.041666666666714036, 
0.0812500000000469, 
0.10625000000004547, 
-0.020833333333285964, 
0.016666666666715457, 
0.03125000000004974, 
0.10416666666671404, 
-0.10208333333328312, 
-0.10208333333328312, 
-0.09999999999995168, 
-0.08958333333328738, 
0.03125000000004263, 
0.08958333333337265, 
-0.031249999999957367, 
-0.027083333333287385, 
-0.024999999999955946, 
-0.014583333333291648, 
-0.06249999999995737, 
-0.03541666666662735, 
-0.02083333333329307, 
-0.09374999999995737, 
-0.06666666666662735, 
-0.03958333333329733, 
-0.02708333333329449, 
-0.014583333333291648, 
0.05833333333337265, 
-0.08958333333329449, 
-0.08958333333329449, 
0.04375000000003837, 
0.04791666666670835, 
0.08333333333337833, 
-0.10416666666662167, 
-0.08124999999995453, 
-0.0749999999999531, 
-0.052083333333285964, 
-0.04791666666661598, 
-0.03749999999995168, 
-0.029166666666618823, 
-0.018749999999954525, 
0.006250000000044054, 
0.006250000000044054, 
0.035416666666712615, 
0.035416666666712615, 
0.04583333333337691, 
0.05416666666670977, 
0.058333333333379755, 
0.018750000000046896, 
0.06875000000004405, 
0.12083333333337976, 
-0.12291666666661882, 
-0.10416666666662167, 
-0.0958333333332888, 
-0.08541666666662451, 
-0.056249999999955946, 
-0.03958333333329023, 
0.016666666666708352, 
0.04375000000003837, 
0.06666666666670551, 
-0.08541666666662451, 
0.05625000000004121, 
0.05833333333337265, 
0.06458333333337407, 
0.08125000000003979, 
-0.11458333333329307, 
-0.11458333333329307, 
-0.10208333333329023, 
-0.07916666666662309, 
0.004166666666712615, 
0.027083333333379755, 
0.09583333333338118, 
0.09791666666671262, 
0.11875000000004832, 
-0.11458333333328596, 
-0.1062499999999531, 
-0.04791666666662309, 
-0.02916666666662593, 
-0.02916666666662593, 
0.05208333333337123, 
0.05416666666670267, 
-0.03958333333329733, 
-0.03333333333329591, 
-0.01874999999996163, 
-0.01874999999996163, 
0.002083333333374071, 
0.02916666666670409, 
0.08333333333337123, 
-0.09999999999995879, 
-0.08124999999996163, 
-0.06874999999995879, 
-0.03958333333329023, 
-0.03958333333329023, 
0.022916666666709773, 
0.03958333333337549, 
0.043750000000045475, 
-0.0041666666666202445, 
0.014583333333376913, 
-0.08749999999995595, 
-0.04791666666662309, 
-0.043749999999953104, 
-0.043749999999953104, 
-0.03958333333328312, 
0.018750000000046896, 
0.0708333333333826, 
0.07500000000005258, 
0.08541666666671688, 
-0.008333333333283122, 
4.973799150320701e-14, 
0.08750000000004832, 
0.10000000000005116, 
-0.106249999999946, 
-0.08333333333327886, 
-0.04166666666661456, 
0.03541666666671972, 
-0.11458333333327886, 
-0.10833333333327744, 
0.08750000000005542, 
0.09375000000005684, 
0.07500000000005969, 
0.07708333333339112, 
0.0812500000000611, 
-0.018749999999940314, 
0.0020833333333953874, 
-0.018749999999940314, 
0.012500000000059686, 
0.04791666666672967, 
0.08541666666673109, 
0.09791666666673393, 
0.11041666666673677, 
0.11875000000006963, 
-0.11666666666659609, 
-0.12291666666659751, 
-0.031249999999928946, 
-0.054166666666596086, 
0.006250000000072475, 
-0.06666666666659182, 
-0.024999999999927525, 
-0.09999999999993037, 
-0.0708333333332618, 
-0.062499999999928946, 
0.07708333333340533, 
0.09375000000007105, 
-0.07499999999993179, 
-0.06874999999993037, 
-0.062499999999928946, 
-0.04374999999993179, 
-0.006249999999930367, 
0.05625000000006963, 
0.060416666666739616, 
0.06250000000007105, 
-0.031249999999928946, 
-0.012499999999931788, 
0.01458333333339823, 
-0.09791666666659893, 
-0.08541666666659609, 
0.07916666666673677, 
0.0854166666667382, 
0.09791666666674104, 
0.12083333333340818, 
0.04791666666674388, 
0.05833333333340818, 
0.0645833333334096, 
0.06666666666674104, 
0.08333333333340676, 
0.10208333333340391, 
-0.012499999999931788, 
7.105427357601002e-14, 
0.1062500000000739, 
-0.056249999999927525, 
-0.039583333333261805, 
-0.004166666666591823, 
0.004166666666741037, 
0.027083333333408177, 
-0.03124999999992184, 
-0.006249999999923261, 
0.010416666666742458, 
0.010416666666742458, 
0.037500000000072475, 
0.043750000000073896, 
0.0645833333334096, 
0.10416666666674246, 
0.12083333333340818, 
-0.12499999999992184, 
-0.08749999999992042, 
-0.08541666666658898, 
-0.07291666666658614, 
-0.04791666666658756, 
0.03125000000007816, 
0.07291666666674246, 
-0.06458333333326038, 
-0.0604166666665904, 
0.08750000000007674, 
0.11250000000007532, 
0.11875000000007674, 
-0.11874999999992042, 
-0.08749999999992042, 
-0.08541666666658898, 
-0.08333333333325754, 
-0.03124999999992184, 
-0.012499999999924682, 
0.004166666666741037, 
0.006250000000072475, 
0.008333333333403914, 
0.018750000000068212, 
0.04166666666673535, 
0.05000000000006821, 
0.06875000000006537, 
-0.09583333333326749, 
-0.06874999999993747, 
0.09166666666673251, 
0.12083333333340107, 
-0.11458333333326465, 
-0.03541666666659893, 
-0.014583333333263226, 
-0.004166666666598928, 
0.004166666666733931, 
0.11250000000006821, 
0.06666666666673393, 
0.08958333333340107, 
0.12083333333340107, 
-0.12083333333326607, 
-0.006249999999930367, 
0.002083333333402493, 
0.008333333333403914, 
-0.11041666666659467, 
-0.08958333333325896, 
-0.08958333333325896, 
-0.08958333333325896, 
-0.08541666666658898, 
-0.07291666666658614, 
0.027083333333415283, 
0.03750000000007958, 
0.04166666666674956, 
-0.047916666666580454, 
-0.037499999999916156, 
0.0020833333334167037, 
0.006250000000086686, 
0.025000000000083844, 
0.06041666666675383, 
-0.08333333333324333, 
-0.05208333333324333, 
-0.04999999999991189, 
-0.024999999999913314, 
-0.012499999999910472, 
-0.010416666666579033, 
0.04375000000008811, 
0.04791666666675809, 
0.05833333333342239, 
0.05833333333342239, 
0.05833333333342239, 
0.07291666666675667, 
0.07916666666675809, 
-0.12291666666657619, 
-0.05624999999990621, 
-0.04583333333324191, 
0.11458333333342807, 
0.11875000000009805, 
-0.08958333333323765, 
0.10208333333343234, 
0.11250000000009663, 
0.10625000000009521, 
0.11250000000009663, 
0.10208333333343234, 
0.1208333333334295, 
-0.12083333333323765, 
-0.010416666666571928, 
0.027083333333429493, 
0.05833333333342949, 
0.07083333333343234, 
0.07083333333343234, 
-0.006249999999901945, 
0.08541666666676662, 
0.09166666666676804, 
0.07708333333343376, 
0.08541666666676662, 
0.07083333333343234, 
0.07500000000010232, 
0.09166666666676804, 
0.10833333333343376, 
-0.04166666666656482, 
-0.031249999999900524, 
-0.0020833333332319626, 
-0.031249999999900524, 
-0.029166666666569085, 
-0.024999999999899103, 
0.016666666666765195, 
0.031250000000099476, 
0.033333333333430915, 
0.010416666666763774, 
0.020833333333428072, 
0.02291666666675951, 
0.03333333333342381, 
0.10000000000009379, 
0.11875000000009095, 
0.12083333333342239, 
-0.018749999999911893, 
-0.016666666666580454, 
-0.004166666666577612, 
0.010416666666756669, 
0.012500000000088107, 
0.07500000000008811, 
0.0854166666667524, 
0.10000000000008669, 
0.10000000000008669, 
0.10000000000008669, 
0.12291666666675383, 
0.016666666666750984, 
0.020833333333420967, 
0.029166666666753827, 
0.07916666666675098, 
0.08333333333342097, 
0.09791666666675525, 
-0.06458333333324617, 
-0.062499999999914735, 
-0.045833333333249016, 
0.08333333333342097, 
0.10000000000008669, 
0.11041666666675098, 
0.11041666666675098, 
0.1166666666667524, 
-0.11666666666658188, 
-0.10833333333324902, 
-0.10624999999991758, 
-0.06666666666658472, 
-0.06458333333325328, 
-0.04583333333325612, 
0.12291666666674672, 
-0.1020833333332547, 
-0.09999999999992326, 
-0.09791666666659182, 
7.815970093361102e-14, 
0.010416666666742458, 
0.018750000000075318, 
0.10000000000007248, 
0.10000000000007248, 
-0.12291666666659751, 
-0.11874999999992752, 
0.054166666666738195, 
0.054166666666738195, 
0.06666666666674104, 
0.07083333333341102, 
0.12083333333340818, 
0.12083333333340818, 
0.07916666666674388, 
0.08958333333340818, 
0.09375000000007816, 
0.11458333333341386, 
0.11875000000008384, 
-0.11666666666658188, 
-0.10833333333324902, 
-0.08749999999991331, 
-0.02083333333324333, 
0.006250000000086686, 
-0.054166666666581875, 
8.526512829121202e-14, 
-0.0708333333332476, 
-0.04166666666657903, 
0.10416666666675667, 
-0.09791666666657761, 
0.09791666666675525, 
0.1166666666667524, 
0.016666666666750984, 
0.020833333333420967, 
0.037500000000086686, 
0.045833333333419546, 
0.056250000000083844, 
0.106250000000081, 
0.11875000000008384, 
0.008333333333418125, 
0.016666666666750984, 
0.033333333333416704, 
0.11041666666675098, 
0.11458333333342097, 
-0.12291666666657619, 
-0.11666666666657477, 
-0.11249999999990479, 
-0.09999999999990195, 
-0.06458333333323196, 
-0.05208333333322912, 
-0.04166666666656482, 
-0.016666666666566243, 
-0.01249999999989626, 
-0.12291666666656198, 
-0.12291666666656198, 
-0.1083333333332277, 
0.03958333333343944, 
0.05000000000010374, 
0.05625000000010516, 
0.07291666666677088, 
0.07291666666677088, 
0.09166666666676804, 
-0.12291666666656198, 
-0.12083333333323054, 
0.014583333333433757, 
0.020833333333435178, 
0.029166666666768037, 
0.029166666666768037, 
-0.0666666666665634, 
-0.016666666666566243, 
-0.016666666666566243, 
-0.008333333333233384, 
9.947598300641403e-14, 
0.022916666666766616, 
0.054166666666766616, 
0.06458333333343091, 
0.010416666666763774, 
0.020833333333428072, 
0.03541666666676235, 
0.039583333333432336, 
0.047916666666765195, 
0.054166666666766616, 
0.07083333333343234, 
-0.08541666666656766, 
-0.08124999999989768, 
-0.03333333333323196, 
-0.02708333333323054, 
-0.010416666666564822, 
0.07708333333343376, 
0.10208333333343234, 
-0.0666666666665705, 
-0.02499999999990621, 
0.07291666666676377, 
0.0791666666667652, 
0.09583333333343091, 
0.11458333333342807, 
-0.12291666666656909, 
-0.12083333333323765, 
-0.04999999999990479, 
-0.08333333333323623, 
-0.08124999999990479, 
-0.045833333333234805, 
-0.043749999999903366, 
-0.008333333333233384, 
0.010416666666763774, 
0.020833333333428072, 
0.04583333333342665, 
0.06041666666676093, 
0.08541666666675951, 
0.10833333333342665, 
0.11041666666675809, 
0.01875000000008953, 
0.029166666666753827, 
0.039583333333418125, 
0.045833333333419546, 
0.09791666666675525, 
-0.12083333333324475, 
-0.1020833333332476, 
-0.09583333333324617, 
-0.09374999999991473, 
-0.08124999999991189, 
-0.06666666666657761, 
-0.05833333333324475, 
-0.04999999999991189, 
-0.047916666666580454, 
0.08750000000008384, 
0.09166666666675383, 
-0.11874999999991331, 
-0.11874999999991331, 
-0.045833333333249016, 
-0.018749999999918998, 
0.006250000000079581, 
0.00833333333341102, 
0.012500000000081002, 
0.0229166666667453, 
0.03750000000007958, 
-0.07708333333325612, 
-0.06874999999992326, 
-0.05416666666658898, 
-0.04166666666658614, 
-0.11666666666658898, 
-0.09791666666659182, 
-0.07916666666659467, 
-0.07708333333326323, 
-0.062499999999928946, 
-0.045833333333263226, 
-0.024999999999927525, 
0.07916666666673677, 
0.006250000000072475, 
0.010416666666742458, 
0.03125000000007816, 
0.04791666666674388, 
0.07708333333341244, 
0.10416666666674246, 
-0.06249999999992184, 
-0.03541666666659182, 
0.020833333333406756, 
0.022916666666738195, 
0.03333333333340249, 
0.06458333333340249, 
-0.12499999999992895, 
-0.11874999999992752, 
0.10208333333340391, 
-0.09583333333326038, 
-0.039583333333261805, 
-0.029166666666597507, 
0.047916666666736774, 
0.05833333333340107, 
0.07291666666673535, 
0.08333333333339965, 
0.06875000000007248, 
0.07291666666673535, 
-0.08958333333325896, 
-0.056249999999927525, 
-0.020833333333264648, 
0.020833333333406756, 
0.025000000000069633, 
0.04791666666672967, 
-0.12291666666659751, 
-0.12083333333326607, 
-0.11458333333327175, 
-0.11458333333327175, 
-0.07916666666660888, 
-0.07291666666661456, 
-0.06666666666662024, 
-0.02916666666662593, 
0.056250000000034106, 
-0.016666666666637298, 
0.0020833333333598603, 
0.014583333333362702, 
0.05416666666670267, 
0.07291666666669983, 
0.08333333333337123, 
0.08333333333337123, 
-0.07083333333329733, 
0.03125000000004263, 
-0.09374999999995737, 
-0.04374999999996021, 
-0.04166666666662877, 
-0.014583333333291648, 
0.016666666666708352, 
0.03333333333337407, 
0.0875000000000341, 
-0.12083333333329449, 
-0.10208333333329733, 
-0.09374999999995737, 
-0.07916666666662309, 
-0.04374999999996021, 
0.008333333333368387, 
0.03541666666670551, 
0.041666666666699825, 
0.043750000000031264, 
0.043750000000031264, 
0.0458333333333627, 
0.05416666666670267, 
0.09375000000004263, 
-0.04791666666662309, 
-0.016666666666623087, 
-0.022916666666617402, 
-0.09999999999995168, 
-0.08958333333328028, 
-0.06666666666662024, 
-0.035416666666620245, 
0.03541666666671972, 
0.050000000000054, 
0.08958333333339397, 
0.09583333333338828, 
0.112500000000054, 
0.11458333333338544, 
-0.10416666666661456, 
-0.031249999999943157, 
-0.006249999999937472, 
0.03125000000005684, 
0.12083333333339397, 
-0.11249999999994031, 
-0.06666666666660603, 
-0.033333333333274595, 
-0.031249999999943157, 
-0.06249999999994316, 
-0.06249999999994316, 
-0.020833333333271753, 
0.03333333333338828, 
0.11458333333338544, 
-0.074999999999946, 
-0.06874999999995168, 
-0.052083333333285964, 
-0.04583333333329165, 
-0.04374999999996021, 
-0.04374999999996021, 
-0.006249999999965894, 
0.01666666666669414, 
0.10625000000003126, 
0.1083333333333627, 
0.12083333333336554, 
0.12083333333336554, 
0.06250000000002842, 
0.06875000000002274, 
0.09375000000002842, 
0.12291666666669698, 
-0.09791666666663446, 
-0.11249999999996874, 
-0.024999999999963052, 
-0.006249999999965894, 
-0.010416666666628771, 
-0.06041666666662593, 
-0.04583333333329165, 
-0.03958333333329733, 
-0.01249999999996021, 
0.07916666666670835, 
0.08333333333337123, 
0.10625000000003126, 
0.11458333333337123, 
0.06875000000003695, 
-0.09791666666663446, 
-0.09583333333330302, 
-0.09166666666664014, 
-0.008333333333311543, 
0.0020833333333598603, 
0.006250000000022737, 
0.012500000000017053, 
0.06458333333334565, 
0.07291666666668561, 
-0.09791666666664867, 
-0.0895833333333087, 
-0.08124999999996874, 
-0.04583333333330586, 
0.0354166666666913, 
0.056250000000019895, 
0.06041666666668277, 
0.09166666666668277, 
-0.11041666666665151, 
-0.09374999999998579, 
0.08333333333334281, 
0.08958333333333712, 
0.09166666666666856, 
0.1041666666666714, 
0.11250000000001137, 
-0.11874999999999147, 
-0.10416666666665719, 
0.06041666666668277, 
0.06875000000002274, 
0.07916666666669414, 
0.08333333333335702, 
0.09375000000002842, 
0.10625000000003126, 
0.11250000000002558, 
-0.002083333333303017, 
0.03958333333336839, 
0.0458333333333627, 
0.0458333333333627, 
-0.12499999999997158, 
-0.11874999999997726, 
-0.11874999999997726, 
0.11250000000002558, 
0.1187500000000199, 
0.1187500000000199, 
-0.1208333333333087, 
-0.11458333333331439, 
-0.10624999999997442, 
-0.09791666666663446, 
-0.08958333333329449, 
-0.08333333333330017, 
0.01666666666669414, 
0.06458333333335986, 
0.06875000000002274, 
0.08125000000002558, 
-0.020833333333314386, 
-0.010416666666642982, 
-0.006249999999980105, 
0.006250000000022737, 
0.012500000000017053, 
0.04375000000001705, 
0.04375000000001705, 
0.10833333333334849, 
0.10833333333334849, 
-0.07916666666665151, 
0.08333333333334281, 
0.08750000000000568, 
0.125, 
0.01666666666666572, 
0.03125, 
0.04583333333333428, 
0.054166666666674246, 
0.07916666666667993, 
-0.11458333333331439, 
-0.10833333333332007, 
-0.10208333333332575, 
-0.09166666666665435, 
-0.08749999999999147, 
-0.039583333333325754, 
-0.024999999999991473, 
-0.022916666666660035, 
0.03125, 
0.041666666666671404, 
0.04375000000000284, 
0.07708333333333428, 
-0.12291666666666856, 
-0.0020833333333314386, 
0.0062500000000085265, 
0.01666666666667993, 
-0.06458333333331723, 
-0.04999999999998295, 
-0.03333333333331723, 
-0.02916666666665435, 
0.08125000000001137, 
0.08750000000000568, 
0.11458333333334281, 
-0.04791666666665151, 
-0.035416666666648666, 
-0.0270833333333087, 
0.01875000000002558, 
0.10625000000003126, 
-0.12499999999997158, 
-0.0895833333333087, 
-0.08541666666664582, 
-0.07499999999997442, 
-0.04374999999997442, 
-0.03124999999997158, 
-0.02916666666664014, 
0.0666666666666913, 
0.07500000000003126, 
0.0770833333333627, 
-0.0895833333333087, 
-0.08124999999996874, 
-0.0791666666666373, 
0.01875000000002558, 
0.029166666666696983, 
0.03750000000003695, 
0.04583333333337691, 
0.05000000000003979, 
0.06458333333337407, 
0.07916666666670835, 
0.10208333333336839, 
0.10625000000003126, 
0.11041666666669414, 
0.11041666666669414, 
0.11666666666668846, 
-0.10208333333331154, 
-0.10208333333331154, 
-0.08333333333331439, 
-0.08124999999998295, 
-0.0687499999999801, 
-0.04791666666665151, 
-0.04374999999998863, 
-0.02916666666665435, 
0.07708333333334849, 
0.08333333333334281, 
0.09791666666667709, 
0.004166666666677088, 
0.010416666666671404, 
0.010416666666671404, 
0.03541666666667709, 
0.056250000000005684, 
0.06875000000000853, 
0.09166666666666856, 
0.10000000000000853, 
0.10000000000000853, 
-0.09166666666665435, 
-0.08749999999999147, 
-0.06874999999999432, 
-0.018749999999997158, 
-0.01666666666666572, 
-0.01458333333333428, 
-0.006249999999994316, 
-0.0020833333333314386, 
0.020833333333328596, 
0.05833333333332291, 
0.07916666666665151, 
-0.11041666666667993, 
-0.10000000000000853, 
-0.07500000000000284, 
-0.039583333333339965, 
-0.0062500000000085265, 
0.018749999999997158, 
-0.07708333333333428, 
-0.06666666666666288, 
-0.037499999999994316, 
-0.010416666666657193, 
0.01666666666667993, 
0.11250000000001137, 
-0.09999999999999432, 
-0.09375, 
0.056250000000005684, 
0.06666666666667709, 
0.09583333333334565, 
0.09791666666667709, 
0.10000000000000853, 
-0.06666666666666288, 
-0.04999999999999716, 
0.054166666666674246, 
0.08958333333333712, 
0.12291666666666856, 
-0.12083333333333712, 
-0.11041666666666572, 
-0.09583333333333144, 
0.03333333333333144, 
0.041666666666671404, 
0.04791666666666572, 
0.06041666666666856, 
0.10625000000000284, 
0.020833333333342807, 
0.029166666666682772, 
-0.10416666666665719, 
-0.07499999999998863, 
-0.09999999999999432, 
-0.09583333333333144, 
-0.027083333333337123, 
-0.012500000000002842, 
0.006249999999994316, 
0.010416666666657193, 
0.012499999999988631, 
0.03333333333331723, 
0.06458333333331723, 
0.06666666666664867, 
0.07499999999998863, 
0.08124999999998295, 
0.11874999999997726, 
-0.11250000000002558, 
0.024999999999977263, 
0.08333333333331439, 
0.08749999999997726, 
0.10624999999997442, 
0.12499999999997158, 
-0.03750000000002274, 
0.09374999999997158, 
0.10416666666664298, 
0.09583333333330302, 
0.11249999999996874, 
0.1208333333333087, 
-0.09166666666669698, 
-0.08541666666670267, 
-0.11041666666670835, 
-0.10208333333336839, 
-0.10208333333336839, 
-0.09791666666670551, 
-0.06875000000003695, 
-0.056250000000034106, 
-0.05416666666670267, 
-0.002083333333374071, 
0.014583333333291648, 
0.020833333333285964, 
-0.0395833333333826, 
-0.02291666666671688, 
0.02499999999994884, 
0.0958333333332888, 
0.12083333333329449, 
-0.05416666666670267, 
-0.04791666666670835, 
0.06666666666662024, 
0.08958333333328028, 
-0.02083333333338544, 
-5.684341886080802e-14, 
-0.08750000000006253, 
-0.08125000000006821, 
0.045833333333263226, 
0.05624999999993463, 
0.062499999999928946, 
0.06458333333326038, 
0.08541666666658898, 
0.12499999999992895, 
-0.11458333333339965, 
-0.08750000000006253, 
-0.08541666666673109, 
-0.02291666666673109, 
-0.07916666666673677, 
-0.06666666666673393, 
-0.031250000000071054, 
-0.027083333333408177, 
-7.105427357601002e-14, 
-0.03333333333340249, 
0.08749999999993463, 
-0.1229166666667254, 
0.020833333333271753, 
0.05208333333327175, 
0.08124999999994031, 
0.012499999999945999, 
0.05833333333328028, 
0.0645833333332746, 
-0.02083333333338544, 
0.008333333333283122, 
0.05833333333328028, 
0.07916666666660888, 
0.09166666666661172, 
0.106249999999946, 
0.06041666666661172, 
0.08749999999994884, 
0.0541666666666174, 
0.09791666666662024, 
-0.11666666666671688, 
-0.09791666666671972, 
-0.08541666666671688, 
-0.02083333333338544, 
-0.0041666666667197205, 
0.016666666666608876, 
-0.05416666666673109, 
-0.029166666666725405, 
0.012499999999945999, 
-0.07916666666672256, 
-0.0395833333333826, 
-0.008333333333382598, 
-0.11666666666671688, 
-0.07708333333337691, 
-0.060416666666711194, 
0.10208333333328312, 
0.1166666666666174, 
-0.11666666666671688, 
-0.08958333333337976, 
-0.08541666666671688, 
-0.08541666666671688, 
-0.058333333333379755, 
-0.05625000000004832, 
-0.05416666666671688, 
-0.09583333333338828, 
-0.06875000000005116, 
-0.0916666666667112, 
-0.07916666666670835, 
-0.043750000000045475, 
-0.03125000000004263, 
0.016666666666623087, 
0.024999999999963052, 
0.03333333333330302, 
0.05416666666663161, 
-0.00416666666670551, 
0.006249999999965894, 
0.014583333333305859, 
-0.056250000000034106, 
-0.025000000000034106, 
0.004166666666634455, 
0.010416666666628771, 
0.031249999999957367, 
0.06874999999995168, 
0.07916666666662309, 
0.0958333333332888, 
0.10208333333328312, 
0.020833333333285964, 
0.04791666666662309, 
0.0854166666666174, 
-4.263256414560601e-14, 
0.006249999999951683, 
0.020833333333285964, 
-0.04791666666670835, 
-0.01875000000003979, 
-0.012500000000045475, 
-0.08125000000003979, 
-0.06875000000003695, 
-0.029166666666696983, 
-0.08333333333335702, 
-0.0666666666666913, 
-0.027083333333351334, 
-0.06875000000002274, 
-0.01875000000002558, 
-0.014583333333362702, 
-0.01666666666669414, 
-2.842170943040401e-14, 
0.018749999999968736, 
0.0583333333333087, 
0.0687499999999801, 
0.09166666666664014, 
-0.0979166666666913, 
-0.0875000000000199, 
-0.06458333333335986, 
-0.06458333333335986, 
-0.0458333333333627, 
-0.004166666666691299, 
0.01249999999997442, 
0.01249999999997442, 
0.03333333333330302, 
-0.006250000000036948, 
-4.263256414560601e-14, 
0.002083333333288806, 
0.0645833333332888, 
0.06666666666662024, 
0.07291666666661456, 
0.016666666666608876, 
0.043749999999946, 
0.08124999999994031, 
0.03958333333326891, 
0.047916666666608876, 
0.05208333333327175, 
0.00833333333326891, 
0.018749999999940314, 
0.05624999999993463, 
0.05624999999993463, 
-0.09375000000007105, 
-0.06250000000007105, 
-0.014583333333405335, 
0.1124999999999261, 
-0.08750000000007674, 
-0.07083333333341102, 
0.010416666666586138, 
0.11458333333325754, 
-0.11041666666673677, 
-0.1062500000000739, 
-0.1062500000000739, 
0.049999999999926104, 
0.08333333333325754, 
0.08541666666658898, 
0.08958333333325186, 
-0.018750000000082423, 
0.006249999999923261, 
0.016666666666594665, 
0.031249999999928946, 
0.03749999999992326, 
0.047916666666594665, 
0.05208333333325754, 
0.0708333333332547, 
-0.11875000000007674, 
-0.03958333333341102, 
-0.02500000000007674, 
-0.02500000000007674, 
0.006249999999923261, 
-0.09166666666673962, 
-0.060416666666739616, 
-0.04166666666674246, 
-0.03541666666674814, 
-0.06041666666675383, 
-0.031250000000085265, 
-0.018750000000082423, 
-0.012500000000088107, 
-0.07708333333341955, 
-0.03541666666674814, 
-0.02500000000007674, 
-0.010416666666742458, 
-0.0541666666667453, 
-0.02500000000007674, 
-0.0229166666667453, 
-0.016666666666750984, 
0.014583333333249016, 
0.04999999999991189, 
0.05416666666657477, 
-0.029166666666753827, 
-0.027083333333422388, 
-0.018750000000082423, 
-0.0020833333334167037, 
-0.07916666666675098, 
-0.07291666666675667, 
-0.07291666666675667, 
-0.06666666666676235, 
-0.09583333333343091, 
-0.08750000000009095, 
-0.07708333333341955, 
-0.06250000000008527, 
0.11041666666658045, 
0.11874999999992042, 
-0.11041666666675098, 
-0.10625000000008811, 
0.07291666666657193, 
0.07291666666657193, 
0.07916666666656624, 
0.09583333333323196, 
0.11458333333322912, 
0.118749999999892, 
0.12291666666655487, 
-0.11458333333344228, 
-0.11250000000011084, 
0.0770833333332206, 
0.09583333333321775, 
0.10624999999988916, 
0.11666666666656056, 
-0.11875000000010516, 
0.060416666666554875, 
0.06458333333321775, 
0.0770833333332206, 
0.09999999999988063, 
0.024999999999877787, 
0.029166666666540664, 
0.05416666666654635, 
0.06249999999988631, 
0.029166666666554875, 
0.029166666666554875, 
0.03333333333321775, 
0.12291666666655487, 
0.12291666666655487, 
-0.11875000000010516, 
-0.10625000000010232, 
-0.05208333333344228, 
0.11666666666656056, 
-0.11666666666677372, 
-0.11250000000011084, 
-0.100000000000108, 
0.03749999999989484, 
0.06458333333323196, 
0.08333333333322912, 
0.09166666666656909, 
0.008333333333240489, 
0.010416666666571928, 
0.018749999999911893, 
0.07499999999991758, 
-8.526512829121202e-14, 
0.004166666666577612, 
0.008333333333240489, 
0.02499999999990621, 
0.04166666666657193, 
-0.03958333333342523, 
-0.027083333333422388, 
-0.0020833333334167037, 
0.0020833333332461734, 
0.04374999999991758, 
-0.05625000000007674, 
-0.045833333333405335, 
-0.03333333333340249, 
-0.018750000000068212, 
-0.08333333333339965, 
-0.06875000000006537, 
-0.06875000000006537, 
-0.06250000000007105, 
-0.045833333333405335, 
0.07499999999993179, 
0.0812499999999261, 
0.08541666666658898, 
0.09583333333326038, 
-0.014583333333405335, 
0.0083333333332547, 
0.02291666666658898, 
0.049999999999926104, 
0.049999999999926104, 
0.05416666666658898, 
0.060416666666583296, 
0.0708333333332547, 
-0.029166666666739616, 
-0.02083333333339965, 
-0.002083333333402493, 
-7.105427357601002e-14, 
-0.05416666666673109, 
-0.05208333333339965, 
-0.03333333333340249, 
-0.010416666666742458, 
-0.0750000000000739, 
-0.06666666666673393, 
-0.05625000000006253, 
-0.03958333333339681, 
-0.09791666666673393, 
-0.08958333333339397, 
-0.07708333333339112, 
-0.04791666666672256, 
0.11874999999994884, 
0.12083333333328028, 
-0.11458333333338544, 
0.0854166666666174, 
0.09999999999995168, 
0.106249999999946, 
0.12291666666661172, 
-0.014583333333391124, 
-0.002083333333388282, 
0.016666666666608876, 
0.043749999999946, 
-0.081250000000054, 
-0.060416666666725405, 
-0.03958333333339681, 
-0.05625000000006253, 
-0.05000000000006821, 
-0.03750000000006537, 
0.11458333333327175, 
-0.10416666666672825, 
-0.0916666666667254, 
-0.08541666666673109, 
-0.05625000000006253, 
0.09999999999993747, 
0.11041666666660888, 
-0.11875000000006253, 
-0.11458333333339965, 
0.062499999999928946, 
0.09374999999992895, 
0.11041666666659467, 
0.12083333333326607, 
0.03749999999993747, 
0.08749999999993463, 
0.09999999999993747, 
0.11249999999994031, 
0.11874999999993463, 
0.016666666666594665, 
0.033333333333260384, 
0.049999999999926104, 
-0.03750000000007958, 
-0.027083333333408177, 
-0.012500000000073896, 
-0.00833333333341102, 
0.012499999999917577, 
0.060416666666583296, 
-0.0541666666667453, 
-0.02083333333341386, 
-0.00833333333341102, 
-0.07083333333341102, 
-0.06875000000007958, 
-0.043750000000073896, 
0.08749999999992042, 
-0.12291666666673962, 
-0.11875000000007674, 
0.06666666666659182, 
0.07916666666659467, 
0.09166666666659751, 
0.05208333333325754, 
0.06666666666659182, 
0.06874999999992326, 
0.0020833333332603843, 
0.006249999999923261, 
0.05416666666658898, 
-0.00833333333341102, 
-7.105427357601002e-14, 
0.0020833333332603843, 
-0.0229166666667453, 
0.0020833333332603843, 
0.020833333333257542, 
0.033333333333260384, 
0.047916666666594665, 
0.047916666666594665, 
-0.04166666666674246, 
-0.029166666666739616, 
0.004166666666591823, 
0.029166666666597507, 
0.05416666666660319, 
0.06249999999994316, 
0.07291666666661456, 
0.07916666666660888, 
0.10416666666661456, 
0.10416666666661456, 
0.11458333333328596, 
-0.08750000000004832, 
-0.07291666666671404, 
-0.05416666666671688, 
0.09166666666661172, 
-0.11875000000004832, 
-0.112500000000054, 
-0.09375000000005684, 
-0.08958333333339397, 
-0.08333333333339965, 
-0.06875000000006537, 
-0.031250000000071054, 
-0.00625000000006537, 
-0.047916666666736774, 
-0.02500000000007674, 
-0.0020833333334167037, 
0.029166666666583296, 
-0.016666666666750984, 
0.02499999999992042, 
0.04374999999991758, 
0.05833333333325186, 
0.060416666666583296, 
0.11249999999991189, 
0.11666666666657477, 
0.12499999999991473, 
-0.1166666666667453, 
0.0708333333332547, 
0.07916666666659467, 
0.08749999999993463, 
0.11458333333327175, 
-0.11041666666672256, 
-0.02083333333338544, 
-0.008333333333382598, 
-4.263256414560601e-14, 
0.016666666666623087, 
0.024999999999963052, 
-0.08333333333337123, 
-0.07916666666670835, 
-0.06458333333337407, 
-0.05416666666670267, 
-0.03333333333337407, 
0.11458333333328596, 
-0.12083333333337976, 
-0.10625000000004547, 
-0.10000000000005116, 
-0.06458333333338828, 
-0.05625000000004832, 
0.09999999999995168, 
0.10416666666661456, 
-0.10833333333339112, 
0.020833333333271753, 
0.09374999999994316, 
0.09791666666660603, 
0.09999999999993747, 
0.10416666666660035, 
0.11874999999993463, 
0.12083333333326607, 
-0.05625000000006253, 
-0.04166666666672825, 
-0.014583333333391124, 
-0.014583333333391124, 
0.02499999999994884, 
0.029166666666611718, 
-0.09583333333338828, 
-0.08541666666671688, 
-0.081250000000054, 
-0.07916666666672256, 
-0.07500000000005969, 
-0.05625000000006253, 
0.09999999999993747, 
0.09999999999993747, 
0.10208333333326891, 
0.11041666666660888, 
0.11249999999994031, 
0.11458333333327175, 
-0.08958333333339397, 
0.043749999999946, 
0.06041666666661172, 
0.07708333333327744, 
-0.06875000000005116, 
-0.058333333333379755, 
-0.03541666666671972, 
-0.018750000000054, 
-0.010416666666714036, 
-0.008333333333382598, 
-0.006250000000051159, 
0.002083333333288806, 
-0.07708333333337691, 
-0.05000000000003979, 
-0.027083333333379755, 
0.06249999999995737, 
0.06666666666662024, 
0.08333333333328596, 
-0.10000000000005116, 
-0.08958333333337976, 
-0.08125000000003979, 
-0.07291666666669983, 
-0.06666666666670551, 
-0.02083333333337123, 
0.11666666666663161, 
-0.1187500000000341, 
-0.11041666666669414, 
-0.1083333333333627, 
-0.09375000000002842, 
-0.01666666666669414, 
-0.006250000000022737, 
-2.842170943040401e-14, 
0.014583333333305859, 
0.016666666666637298, 
0.018749999999968736, 
0.11249999999996874, 
0.11666666666663161, 
0.11666666666663161, 
-0.12291666666669698, 
-0.11458333333335702, 
-0.11250000000002558, 
0.08124999999996874, 
0.08124999999996874, 
0.0895833333333087, 
0.09583333333330302, 
0.10416666666664298, 
0.07499999999997442, 
0.07708333333330586, 
0.08541666666664582, 
0.08541666666664582, 
0.08749999999997726, 
0.08749999999997726, 
0.10416666666664298, 
0.12499999999997158, 
-0.09583333333335986, 
-0.09583333333335986, 
-0.09166666666669698, 
-0.08541666666670267, 
-0.0770833333333627, 
-0.025000000000034106, 
-0.01666666666669414, 
-0.012500000000031264, 
0.07499999999997442, 
0.0791666666666373, 
0.11458333333330017, 
-0.09166666666669698, 
-0.08541666666670267, 
-0.0770833333333627, 
-0.07083333333336839, 
-0.06250000000002842, 
-0.06250000000002842, 
0.024999999999977263, 
0.04166666666664298, 
0.07708333333330586, 
0.08541666666664582, 
0.0895833333333087, 
-0.06875000000002274, 
-0.0666666666666913, 
-0.06250000000002842, 
-0.06250000000002842, 
-0.058333333333365545, 
-0.056250000000034106, 
0.08333333333330017, 
0.08541666666663161, 
0.08541666666663161, 
0.08541666666663161, 
0.08541666666663161, 
0.049999999999968736, 
0.052083333333300175, 
0.052083333333300175, 
0.05416666666663161, 
0.07083333333329733, 
0.07083333333329733, 
-0.022916666666702667, 
-0.014583333333362702, 
-0.006250000000022737, 
0.08124999999998295, 
0.09374999999998579, 
0.09791666666664867, 
0.11041666666665151, 
0.11249999999998295, 
-0.11458333333335702, 
-0.11250000000002558, 
-0.1083333333333627, 
0.0479166666666373, 
0.0583333333333087, 
0.06041666666664014, 
-0.012500000000031264, 
-0.006250000000036948, 
0.002083333333303017, 
0.11458333333330017, 
-0.11458333333337123, 
-0.11041666666670835, 
-0.10625000000004547, 
-0.10625000000004547, 
-0.1020833333333826, 
0.06041666666661172, 
0.08958333333328028, 
0.08958333333328028, 
0.09374999999994316, 
0.0958333333332746, 
-0.112500000000054, 
0.05833333333328028, 
-0.11666666666671688, 
0.0854166666666174, 
0.0854166666666174, 
0.09374999999995737, 
-0.029166666666711194, 
-0.008333333333382598, 
-4.263256414560601e-14, 
0.014583333333291648, 
0.018749999999954525, 
0.12083333333329449, 
-0.09791666666670551, 
-0.09375000000004263, 
-0.08541666666670267, 
-0.07500000000003126, 
0.049999999999968736, 
0.0583333333333087, 
0.06249999999997158, 
0.0687499999999659, 
0.07499999999996021, 
-0.014583333333376913, 
-0.006250000000036948, 
0.002083333333303017, 
0.006249999999965894, 
0.016666666666637298, 
-0.01875000000002558, 
0.022916666666645824, 
0.014583333333305859, 
0.035416666666634455, 
-0.0875000000000341, 
-0.07291666666669983, 
-0.043750000000031264, 
-0.03958333333336839, 
-0.029166666666696983, 
0.0791666666666373, 
0.11249999999996874, 
-0.03958333333336839, 
-0.027083333333365545, 
-0.02083333333337123, 
-0.08125000000003979, 
-0.05416666666670267, 
-0.05208333333337123, 
-0.05208333333337123, 
-0.043750000000031264, 
-0.03958333333336839, 
-0.03541666666670551, 
-0.029166666666711194, 
-0.025000000000048317, 
-0.02291666666671688, 
-0.02083333333338544, 
-0.09375000000005684, 
-0.08750000000006253, 
-0.07083333333339681, 
-0.058333333333393966, 
0.020833333333271753, 
-0.02291666666673109, 
-0.02291666666673109, 
0.002083333333274595, 
0.002083333333274595, 
0.00833333333326891, 
0.0958333333332746, 
0.10208333333326891, 
0.014583333333263226, 
0.047916666666594665, 
0.0708333333332547, 
0.07499999999991758, 
-0.014583333333419546, 
0.027083333333251858, 
0.04999999999991189, 
0.05624999999990621, 
0.08958333333323765, 
0.03333333333323196, 
0.03333333333323196, 
0.05833333333323765, 
0.062499999999900524, 
0.07083333333324049, 
-0.050000000000096634, 
-0.033333333333430915, 
0.004166666666563401, 
0.014583333333234805, 
0.029166666666569085, 
-0.10833333333343376, 
-0.10416666666677088, 
0.12499999999990052, 
-0.07083333333343944, 
0.062499999999900524, 
0.07916666666656624, 
0.08333333333322912, 
0.08333333333322912, 
0.018749999999897682, 
0.027083333333237647, 
0.04999999999989768, 
0.07916666666656624, 
0.0979166666665634, 
-0.11875000000010516, 
-0.0062500000001080025, 
0.05416666666656056, 
0.08124999999989768, 
-0.06458333333343091, 
-0.04583333333343376, 
-0.004166666666762353, 
-0.07083333333342523, 
-0.00833333333342523, 
0.0020833333332461734, 
0.03958333333324049, 
0.05416666666657477, 
0.062499999999914735, 
-0.1166666666667453, 
-0.11250000000008242, 
-0.10416666666674246, 
-0.016666666666736774, 
0.00833333333326891, 
0.02291666666660319, 
0.031249999999943157, 
0.033333333333274595, 
0.047916666666608876, 
0.08333333333327175, 
0.09999999999993747, 
0.12083333333326607, 
-0.12291666666673962, 
-0.11458333333339965, 
-0.09166666666673962, 
-0.09166666666673962, 
-0.045833333333405335, 
-7.105427357601002e-14, 
-0.03333333333340249, 
-0.025000000000062528, 
-0.043750000000059686, 
-0.043750000000059686, 
-0.03750000000006537, 
-0.014583333333405335, 
0.0812499999999261, 
0.11874999999992042, 
-0.11875000000007674, 
0.014583333333263226, 
0.04374999999993179, 
0.05416666666660319, 
-0.05625000000006253, 
-0.045833333333391124, 
-0.018750000000054, 
0.004166666666606034, 
0.029166666666611718, 
0.031249999999943157, 
0.09166666666661172, 
0.106249999999946, 
0.11249999999994031, 
0.12499999999994316, 
-0.10625000000005969, 
-0.09583333333338828, 
-0.07708333333339112, 
-0.07708333333339112, 
-0.07708333333339112, 
-0.060416666666725405, 
-0.03750000000006537, 
-0.08333333333339965, 
-0.05000000000006821, 
-0.02291666666673109, 
-0.014583333333391124, 
-0.11666666666673109, 
-0.11250000000006821, 
-0.11041666666673677, 
-0.08125000000006821, 
-0.06875000000006537, 
-0.05416666666673109, 
0.06666666666660603, 
0.0958333333332746, 
0.09999999999993747, 
-0.11875000000006253, 
0.07916666666660888, 
0.08749999999994884, 
0.09791666666662024, 
0.12291666666662593, 
-0.11041666666670835, 
-0.10000000000003695, 
-0.06250000000004263, 
-0.05000000000003979, 
-0.04791666666670835, 
-0.03541666666670551, 
-0.016666666666708352, 
-0.002083333333374071, 
0.016666666666623087, 
-0.016666666666708352, 
-0.008333333333368387, 
0.11458333333330017, 
0.11874999999996305, 
-0.1187500000000341, 
-0.09166666666669698, 
-0.006250000000036948, 
0.010416666666628771, 
0.022916666666631613, 
0.06666666666663446, 
0.07708333333330586, 
0.08749999999997726, 
-0.10208333333335418, 
-0.08541666666668846, 
-0.07708333333334849, 
-0.04583333333334849, 
-0.01875000000001137, 
0.012499999999988631, 
0.01666666666665151, 
-0.08958333333335133, 
-0.04791666666667993, 
-0.025000000000019895, 
0.006249999999980105, 
0.06458333333331723, 
0.08541666666664582, 
0.08749999999997726, 
0.0895833333333087, 
0.09791666666664867, 
-0.008333333333354176, 
0.010416666666642982, 
0.014583333333305859, 
0.02916666666664014, 
0.052083333333300175, 
0.05833333333329449, 
0.07916666666662309, 
0.08749999999996305, 
0.10624999999996021, 
-0.05000000000003979, 
-0.0875000000000341, 
-0.07500000000003126, 
-0.05208333333337123, 
-0.03125000000004263, 
-0.016666666666708352, 
-0.006250000000036948, 
-4.263256414560601e-14, 
-0.02083333333337123, 
0.014583333333291648, 
0.04791666666662309, 
0.018749999999954525, 
0.033333333333288806, 
-0.027083333333379755, 
-0.025000000000048317, 
0.002083333333288806, 
0.05624999999994884, 
0.06249999999994316, 
0.11666666666660319, 
0.12291666666659751, 
-0.1062500000000739, 
-0.10208333333341102, 
-0.07916666666675098, 
-0.07500000000008811, 
-0.05416666666675951, 
-0.012500000000088107, 
-0.006250000000093792, 
0.010416666666571928, 
-0.06250000000008527, 
-0.05208333333342807, 
0.118749999999892, 
0.12083333333322344, 
-0.018750000000096634, 
-8.526512829121202e-14, 
0.012499999999903366, 
0.012499999999903366, 
0.012499999999903366, 
0.02291666666656056, 
0.04999999999989768, 
0.056249999999892, 
0.058333333333223436, 
0.06458333333321775, 
0.06458333333321775, 
0.008333333333212067, 
0.014583333333206383, 
0.01874999999986926, 
0.058333333333195014, 
0.06249999999985789, 
0.06458333333318933, 
0.06458333333318933, 
0.11874999999986358, 
0.12291666666652645, 
-0.12083333333347923, 
-0.11041666666682204, 
-0.08958333333347923, 
-0.04791666666682204, 
-0.037500000000164846, 
-0.037500000000164846, 
-0.03541666666683341, 
-0.03333333333350197, 
-0.027083333333507653, 
0.006249999999823785, 
0.006249999999823785, 
0.008333333333155224, 
-0.0187500000001819, 
-0.010416666666856145, 
-0.006250000000193268, 
-0.0020833333335303905, 
-1.9895196601282805e-13, 
0.006249999999795364, 
-0.012500000000216005, 
-0.006250000000221689, 
-0.004166666666890251, 
0.002083333333104065, 
0.002083333333104065, 
0.022916666666446872, 
0.04374999999978968, 
0.05416666666644687, 
0.05624999999977831, 
0.05833333333310975, 
0.03958333333309838, 
0.04166666666642982, 
0.04166666666642982, 
0.04374999999976126, 
0.05624999999974989, 
0.05833333333308133, 
0.04999999999975557, 
0.05416666666641845, 
0.05416666666641845, 
0.06874999999973852, 
0.07083333333306996, 
0.07499999999973284, 
0.08333333333305859, 
0.09791666666637866, 
0.10833333333303585, 
0.10833333333303585, 
-0.12291666666695278, 
0.07916666666636729, 
0.08124999999969873, 
0.11874999999969305, 
0.12083333333302448, 
0.12499999999968736, 
-0.12083333333364976, 
-0.0916666666669812, 
-0.08541666666698688, 
-0.07500000000032969, 
-0.06666666666700394, 
-0.06250000000034106, 
-0.05833333333367818, 
-0.054166666667015306, 
-0.04791666666702099, 
-0.04791666666702099, 
-0.041666666667026675, 
-0.09166666666703804, 
-0.060416666667038044, 
-0.045833333333717974, 
-0.010416666667055097, 
-0.00625000000039222, 
0.00833333333292785, 
0.016666666666253604, 
0.029166666666242236, 
0.0895833333329108, 
0.1208333333329108, 
-0.11875000000043201, 
-0.10208333333375208, 
-0.02291666666707215, 
-0.012500000000414957, 
0.004166666666264973, 
0.014583333332922166, 
0.010416666666259289, 
0.02083333333291648, 
0.029166666666242236, 
0.04166666666623087, 
0.04791666666622518, 
0.06458333333290511, 
0.04999999999958504, 
0.05208333333291648, 
0.060416666666242236, 
0.060416666666242236, 
0.062499999999573674, 
0.06874999999956799, 
0.0749999999995623, 
0.08124999999955662, 
0.08958333333288238, 
0.09374999999954525, 
0.07916666666622518, 
0.08124999999955662, 
0.08958333333288238, 
0.09374999999954525, 
0.070833333332871, 
0.0812499999995282, 
0.08749999999952252, 
0.10208333333284259, 
0.10624999999950546, 
-0.11666666666715741, 
0.1083333333328369, 
0.1187499999994941, 
0.12291666666615697, 
0.12499999999948841, 
0.12499999999948841, 
0.12499999999948841, 
-0.11250000000052296, 
-0.10000000000053433, 
-0.09375000000054001, 
-0.11666666666721426, 
-0.10000000000053433, 
-0.08125000000052296, 
-0.07916666666719152, 
-0.07916666666719152, 
-0.03333333333387145, 
-0.02083333333388282, 
-0.01875000000055138, 
-0.016666666667219943, 
-0.014583333333888504, 
0.03958333333278574, 
0.03958333333278574, 
0.049999999999442934, 
0.062499999999431566, 
0.062499999999431566, 
0.07291666666608876, 
-0.05833333333390556, 
-0.03541666666723131, 
-0.029166666667236996, 
-0.029166666667236996, 
-0.02500000000057412, 
-0.012500000000585487, 
0.0062499999994258815, 
0.02083333333274595, 
0.03541666666606602, 
0.043749999999391775, 
0.04791666666605465, 
0.10624999999939178, 
-0.12083333333393398, 
-0.09791666666725973, 
-0.03750000000059117, 
-0.033333333333928294, 
-0.029166666667265417, 
-0.10833333333394535, 
-0.05625000000060254, 
-0.12083333333393398, 
-0.10000000000059117, 
-0.06875000000059117, 
-0.031250000000596856, 
-0.020833333333939663, 
0.062499999999403144, 
0.06874999999939746, 
0.09999999999939746, 
-0.07291666666728247, 
-0.04583333333394535, 
-0.04375000000061391, 
-0.02708333333393398, 
-0.0229166666672711, 
-0.0229166666672711, 
-0.01041666666728247, 
-6.252776074688882e-13, 
0.043749999999363354, 
0.07916666666602623, 
-0.07708333333397377, 
-0.07291666666731089, 
-0.037500000000648015, 
0.07499999999936335, 
0.11249999999935767, 
-0.09791666666731658, 
-0.09791666666731658, 
0.06666666666600918, 
0.11458333333268911, 
0.12291666666601486, 
-0.05833333333399082, 
-0.056250000000659384, 
-0.056250000000659384, 
-0.022916666667327945, 
0.09583333333267774, 
0.09583333333267774, 
0.11249999999935767, 
-0.08541666666729952, 
-0.07916666666730521, 
-0.04583333333397377, 
0.0354166666660376, 
0.04583333333269479, 
0.056249999999351985, 
0.09999999999934062, 
0.12291666666601486, 
-0.12291666666732226, 
-0.12291666666732226, 
-0.10000000000064801, 
-0.06458333333398514, 
-0.022916666667327945, 
0.04166666666600349, 
0.04583333333266637, 
0.08333333333266069, 
-0.1145833333339965, 
0.039583333332672055, 
0.08124999999932925, 
0.10624999999933493, 
0.054166666665992125, 
0.06458333333264932, 
0.08749999999932356, 
0.1041666666660035, 
0.10624999999933493, 
-0.07500000000067075, 
-0.022916666667327945, 
0.06458333333267774, 
0.07499999999933493, 
0.10833333333266637, 
-0.10625000000067075, 
-0.08958333333399082, 
-0.05833333333399082, 
0.056249999999351985, 
0.058333333332683424, 
0.06666666666600918, 
-0.11666666666732795, 
-0.0937500000006537, 
-0.0833333333339965, 
-0.0833333333339965, 
0.004166666666009178, 
0.020833333332689108, 
0.04583333333269479, 
-0.020833333333968085, 
0.006249999999369038, 
0.05208333333268911, 
-0.06041666666732226, 
-0.054166666667327945, 
-0.035416666667316576, 
-0.039583333333979454, 
-0.022916666667299523, 
-0.018750000000636646, 
0.03333333333270616, 
0.0354166666660376, 
0.03958333333270048, 
0.04999999999935767, 
0.07291666666603192, 
0.07499999999936335, 
0.07708333333269479, 
-0.016666666667305208, 
-0.01458333333397377, 
-0.010416666667310892, 
-0.10208333333397945, 
-0.08958333333399082, 
-0.08750000000065938, 
0.04791666666599781, 
0.04999999999932925, 
0.06249999999931788, 
0.03958333333264363, 
0.04374999999930651, 
0.049999999999300826, 
-0.07291666666736774, 
-0.056250000000687805, 
-0.041666666667367735, 
0.11249999999930083, 
0.1166666666659637, 
-0.11875000000071623, 
-0.11250000000072191, 
0.035416666665952334, 
0.06874999999928377, 
0.0812499999992724, 
-0.03750000000073328, 
-0.027083333334076087, 
-0.0041666666674018416, 
-0.10833333333405903, 
-0.07916666666739047, 
-0.06875000000073328, 
0.11874999999926672, 
0.12499999999926104, 
-0.11666666666741321, 
-0.07291666666742458, 
-0.06458333333409882, 
-0.06250000000076739, 
-0.029166666667435948, 
0.08541666666590686, 
0.09166666666590118, 
0.11458333333257542, 
-0.10208333333409314, 
0.004166666665895491, 
0.016666666665884122, 
0.020833333332547, 
0.11666666666587844, 
0.12083333333254132, 
-0.047916666667447316, 
0.06874999999922693, 
0.083333333332547, 
0.09791666666586707, 
0.06249999999920419, 
0.06458333333253563, 
0.09166666666587275, 
0.09583333333253563, 
0.09999999999919851, 
0.10624999999919282, 
-0.11250000000080718, 
-0.08750000000080149, 
-0.03958333333412156, 
-0.022916666667441632, 
-0.031250000000767386, 
-0.029166666667435948, 
-0.016666666667447316, 
-0.035416666667458685, 
0.016666666665884122, 
0.027083333332541315, 
-0.09583333333412725, 
-0.09583333333412725, 
-0.07916666666744732, 
-0.06250000000076739, 
-0.018750000000778755, 
0.03749999999922693, 
0.043749999999221245, 
0.058333333332541315, 
0.09999999999919851, 
0.03541666666586707, 
0.041666666665861385, 
0.09374999999920419, 
0.09999999999919851, 
0.12291666666587275, 
0.008333333332529946, 
0.01874999999918714, 
0.054166666665850016, 
0.11249999999918714, 
-0.12083333333413293, 
-0.12083333333413293, 
-0.0062500000007901235, 
0.01874999999921556, 
0.07916666666588412, 
-0.12083333333410451, 
-0.1145833333341102, 
-0.029166666667435948, 
-0.020833333334110193, 
0.03958333333255837, 
0.05833333333256974, 
0.09166666666590118, 
-0.0687500000007617, 
-0.06250000000076739, 
0.047916666665912544, 
0.060416666665901175, 
0.11041666666591254, 
-0.09791666666743026, 
-0.09583333333409882, 
-0.0791666666674189, 
-0.07083333333409314, 
-0.05833333333410451, 
0.03958333333255837, 
0.045833333332552684, 
0.045833333332552684, 
0.10624999999922125, 
0.114583333332547, 
0.11666666666587844, 
-0.08958333333413293, 
-0.05625000000080149, 
0.03541666666586707, 
0.04583333333252426, 
0.0479166666658557, 
-0.12083333333413293, 
-0.11666666666747005, 
-0.11041666666747574, 
-0.03333333333415567, 
-0.022916666667498475, 
-0.010416666667509844, 
-0.10833333333417272, 
-0.09375000000085265, 
-0.07916666666753258, 
-0.04583333333420114, 
-0.03958333333420683, 
-0.03541666666754395, 
0.09166666666578749, 
0.09583333333245037, 
0.108333333332439, 
0.006249999999113243, 
0.01041666666577612, 
0.020833333332433313, 
-0.10833333333422956, 
-0.10000000000090381, 
-0.09166666666757806, 
0.045833333332410575, 
0.05416666666573633, 
0.05624999999906777, 
-0.014583333334257986, 
0.07083333333241626, 
0.0729166666657477, 
0.08541666666573633, 
-0.047916666667589425, 
-0.04375000000092655, 
-0.00833333333426367, 
0.0729166666657477, 
0.07499999999907914, 
0.10833333333241058, 
-0.0833333333342523, 
-0.10833333333425799, 
-0.031250000000937916, 
-0.02708333333427504, 
-0.0250000000009436, 
-0.006250000000932232, 
0.006249999999056399, 
0.012499999999050715, 
-0.002083333334269355, 
0.012499999999050715, 
0.014583333332382153, 
-0.037500000000960654, 
-0.02708333333430346, 
-0.022916666667640584, 
-0.016666666667646268, 
0.10833333333235373, 
0.11458333333234805, 
0.11458333333234805, 
0.11874999999901092, 
0.0020833333323366787, 
0.010416666665662433, 
0.01458333333232531, 
0.02708333333231394, 
-0.11250000000100613, 
-0.085416666667669, 
-0.08125000000100613, 
-0.07916666666767469, 
0.054166666665651064, 
0.06458333333230826, 
0.06458333333230826, 
0.10416666666563401, 
0.11874999999895408, 
-0.10000000000104592, 
-0.08333333333436599, 
-0.05416666666769743, 
-0.05208333333436599, 
-0.027083333334360304, 
-0.025000000001028866, 
-0.022916666667697427, 
0.12291666666564538, 
-0.10416666666768037, 
-0.07500000000101181, 
0.11249999999898819, 
0.11458333333231963, 
-0.116666666667669, 
0.054166666665651064, 
0.07916666666565675, 
0.12083333333231394, 
0.12291666666564538, 
0.02708333333231394, 
0.035416666665639696, 
0.03958333333230257, 
0.04791666666562833, 
-0.07083333333437736, 
-0.060416666667720165, 
-0.058333333334388726, 
-0.05625000000105729, 
0.07291666666560559, 
0.11666666666559422, 
-0.12291666666774859, 
-0.11666666666775427, 
0.02499999999892566, 
0.03541666666558285, 
0.03958333333224573, 
0.03958333333224573, 
0.05208333333223436, 
0.05208333333223436, 
0.05208333333223436, 
0.05208333333223436, 
-0.11875000000108571, 
-0.08541666666775427, 
-0.07500000000109708, 
-0.06875000000110276, 
-0.06666666666777132, 
-0.06041666666777701, 
-0.10833333333445694, 
-0.1062500000011255, 
-0.09791666666779975, 
0.09583333333219457, 
-0.11875000000114255, 
-0.11875000000114255, 
0.0916666666655317, 
-0.08541666666781111, 
-0.08333333333447968, 
-0.05625000000114255, 
0.08124999999884608, 
0.08958333333217183, 
0.1083333333321832, 
0.1187499999988404, 
0.0770833333321832, 
0.09999999999885745, 
0.1083333333321832, 
0.11666666666550896, 
-0.006250000001159606, 
0.004166666665497587, 
0.020833333332177517, 
0.024999999998840394, 
-0.022916666667839536, 
-0.010416666667850905, 
-0.0020833333345251503, 
0.004166666665469165, 
0.010416666665463481, 
0.0687499999988006, 
0.08958333333214341, 
0.09374999999880629, 
0.10416666666546348, 
0.10833333333212636, 
0.11874999999878355, 
-0.12083333333455926, 
-0.0916666666678907, 
-0.08958333333455926, 
0.08124999999876081, 
0.09583333333208088, 
0.11458333333209225, 
-0.09375000000125056, 
-0.07916666666793049, 
-0.04166666666793617, 
-0.06875000000127329, 
-0.050000000001261924, 
-0.035416666667941854, 
-0.08750000000128466, 
-0.018750000001290346, 
-0.06875000000130171, 
-0.035416666667970276, 
-0.07291666666796459, 
0.00208333333202404, 
-0.07291666666796459, 
-0.020833333334621784, 
-0.018750000001290346, 
0.07083333333204678, 
0.08749999999872671, 
0.10416666666540664, 
0.03749999999874376, 
0.06666666666541232, 
0.0708333333320752, 
0.10416666666540664, 
-0.11458333333459336, 
-0.09166666666791912, 
-0.06666666666791343, 
-0.0020833333345819938, 
0.008333333332075199, 
0.010416666665406638, 
0.1020833333320752, 
0.12499999999874944, 
-0.12083333333458768, 
-0.11250000000126192, 
-0.0229166666679248, 
0.014583333332069515, 
0.02291666666539527, 
0.09374999999872102, 
-0.11666666666795322, 
-0.10833333333462747, 
-0.010416666667964591, 
0.006249999998715339, 
0.010416666665378216, 
0.041666666665378216, 
